{
    "histogram": [
        {
            "key": 1,
            "income": 12429,
            "count": 666500
        },
        {
            "key": 2,
            "income": 12641,
            "count": 1333000
        },
        {
            "key": 3,
            "income": 12960,
            "count": 1999500
        },
        {
            "key": 4,
            "income": 13172,
            "count": 2666000
        },
        {
            "key": 5,
            "income": 13385,
            "count": 3332500
        },
        {
            "key": 6,
            "income": 13597,
            "count": 3999000
        },
        {
            "key": 7,
            "income": 13704,
            "count": 4665500
        },
        {
            "key": 8,
            "income": 13916,
            "count": 5332000
        },
        {
            "key": 9,
            "income": 14128,
            "count": 5998500
        },
        {
            "key": 10,
            "income": 14341,
            "count": 6665000
        },
        {
            "key": 11,
            "income": 14553,
            "count": 7331500
        },
        {
            "key": 12,
            "income": 14766,
            "count": 7998000
        },
        {
            "key": 13,
            "income": 14872,
            "count": 8664500
        },
        {
            "key": 14,
            "income": 15084,
            "count": 9331000
        },
        {
            "key": 15,
            "income": 15297,
            "count": 9997500
        },
        {
            "key": 16,
            "income": 15509,
            "count": 10664000
        },
        {
            "key": 17,
            "income": 15722,
            "count": 11330500
        },
        {
            "key": 18,
            "income": 15934,
            "count": 11997000
        },
        {
            "key": 19,
            "income": 16147,
            "count": 12663500
        },
        {
            "key": 20,
            "income": 16359,
            "count": 13330000
        },
        {
            "key": 21,
            "income": 16465,
            "count": 13996500
        },
        {
            "key": 22,
            "income": 16678,
            "count": 14663000
        },
        {
            "key": 23,
            "income": 16890,
            "count": 15329500
        },
        {
            "key": 24,
            "income": 17103,
            "count": 15996000
        },
        {
            "key": 25,
            "income": 17315,
            "count": 16662500
        },
        {
            "key": 26,
            "income": 17528,
            "count": 17329000
        },
        {
            "key": 27,
            "income": 17740,
            "count": 17995500
        },
        {
            "key": 28,
            "income": 17953,
            "count": 18662000
        },
        {
            "key": 29,
            "income": 18165,
            "count": 19328500
        },
        {
            "key": 30,
            "income": 18378,
            "count": 19995000
        },
        {
            "key": 31,
            "income": 18590,
            "count": 20661500
        },
        {
            "key": 32,
            "income": 18802,
            "count": 21328000
        },
        {
            "key": 33,
            "income": 19015,
            "count": 21994500
        },
        {
            "key": 34,
            "income": 19227,
            "count": 22661000
        },
        {
            "key": 35,
            "income": 19440,
            "count": 23327500
        },
        {
            "key": 36,
            "income": 19759,
            "count": 23994000
        },
        {
            "key": 37,
            "income": 19971,
            "count": 24660500
        },
        {
            "key": 38,
            "income": 20183,
            "count": 25327000
        },
        {
            "key": 39,
            "income": 20396,
            "count": 25993500
        },
        {
            "key": 40,
            "income": 20715,
            "count": 26660000
        },
        {
            "key": 41,
            "income": 20927,
            "count": 27326500
        },
        {
            "key": 42,
            "income": 21246,
            "count": 27993000
        },
        {
            "key": 43,
            "income": 21458,
            "count": 28659500
        },
        {
            "key": 44,
            "income": 21777,
            "count": 29326000
        },
        {
            "key": 45,
            "income": 21989,
            "count": 29992500
        },
        {
            "key": 46,
            "income": 22308,
            "count": 30659000
        },
        {
            "key": 47,
            "income": 22521,
            "count": 31325500
        },
        {
            "key": 48,
            "income": 22839,
            "count": 31992000
        },
        {
            "key": 49,
            "income": 23158,
            "count": 32658500
        },
        {
            "key": 50,
            "income": 23477,
            "count": 33325000
        },
        {
            "key": 51,
            "income": 23795,
            "count": 33991500
        },
        {
            "key": 52,
            "income": 24114,
            "count": 34658000
        },
        {
            "key": 53,
            "income": 24433,
            "count": 35324500
        },
        {
            "key": 54,
            "income": 24751,
            "count": 35991000
        },
        {
            "key": 55,
            "income": 25070,
            "count": 36657500
        },
        {
            "key": 56,
            "income": 25389,
            "count": 37324000
        },
        {
            "key": 57,
            "income": 25814,
            "count": 37990500
        },
        {
            "key": 58,
            "income": 26132,
            "count": 38657000
        },
        {
            "key": 59,
            "income": 26557,
            "count": 39323500
        },
        {
            "key": 60,
            "income": 26876,
            "count": 39990000
        },
        {
            "key": 61,
            "income": 27301,
            "count": 40656500
        },
        {
            "key": 62,
            "income": 27726,
            "count": 41323000
        },
        {
            "key": 63,
            "income": 28044,
            "count": 41989500
        },
        {
            "key": 64,
            "income": 28469,
            "count": 42656000
        },
        {
            "key": 65,
            "income": 29000,
            "count": 43322500
        },
        {
            "key": 66,
            "income": 29425,
            "count": 43989000
        },
        {
            "key": 67,
            "income": 29850,
            "count": 44655500
        },
        {
            "key": 68,
            "income": 30381,
            "count": 45322000
        },
        {
            "key": 69,
            "income": 30913,
            "count": 45988500
        },
        {
            "key": 70,
            "income": 31444,
            "count": 46655000
        },
        {
            "key": 71,
            "income": 31975,
            "count": 47321500
        },
        {
            "key": 72,
            "income": 32506,
            "count": 47988000
        },
        {
            "key": 73,
            "income": 33143,
            "count": 48654500
        },
        {
            "key": 74,
            "income": 33675,
            "count": 49321000
        },
        {
            "key": 75,
            "income": 34312,
            "count": 49987500
        },
        {
            "key": 76,
            "income": 35056,
            "count": 50654000
        },
        {
            "key": 77,
            "income": 35799,
            "count": 51320500
        },
        {
            "key": 78,
            "income": 36436,
            "count": 51987000
        },
        {
            "key": 79,
            "income": 37180,
            "count": 52653500
        },
        {
            "key": 80,
            "income": 38030,
            "count": 53320000
        },
        {
            "key": 81,
            "income": 38880,
            "count": 53986500
        },
        {
            "key": 82,
            "income": 39836,
            "count": 54653000
        },
        {
            "key": 83,
            "income": 40686,
            "count": 55319500
        },
        {
            "key": 84,
            "income": 41642,
            "count": 55986000
        },
        {
            "key": 85,
            "income": 42598,
            "count": 56652500
        },
        {
            "key": 86,
            "income": 43660,
            "count": 57319000
        },
        {
            "key": 87,
            "income": 44616,
            "count": 57985500
        },
        {
            "key": 88,
            "income": 45572,
            "count": 58652000
        },
        {
            "key": 89,
            "income": 46847,
            "count": 59318500
        },
        {
            "key": 90,
            "income": 48334,
            "count": 59985000
        },
        {
            "key": 91,
            "income": 50140,
            "count": 60651500
        },
        {
            "key": 92,
            "income": 52371,
            "count": 61318000
        },
        {
            "key": 93,
            "income": 55027,
            "count": 61984500
        },
        {
            "key": 94,
            "income": 58532,
            "count": 62651000
        },
        {
            "key": 95,
            "income": 62994,
            "count": 63317500
        },
        {
            "key": 96,
            "income": 69155,
            "count": 63984000
        },
        {
            "key": 97,
            "income": 77547,
            "count": 64650500
        },
        {
            "key": 98,
            "income": 89763,
            "count": 65317000
        },
        {
            "key": 99,
            "income": 123225,
            "count": 65983500
        }
    ]
}